-- Indonesian Department Stores Seed Data
-- Comprehensive list of department stores and retail chains for shoe distribution

INSERT INTO depstores (code, name, address, city, phone, contact_person, commission_rate, payment_terms, status) VALUES

-- Jakarta Department Stores
('PLZ-TI', 'Plaza Indonesia', 'Jl. M.H. Thamrin Kav. 28-30, Jakarta Pusat 10350', 'Jakarta', '021-310-7081', 'Santi Wijaya', 8.50, 'Net 30', 'active'),
('GIP-KS', 'Grand Indonesia Plaza', 'Jl. M.H. Thamrin No. 1, Jakarta Pusat 10310', 'Jakarta', '021-2358-7000', 'Bambang Suryadi', 7.75, 'Net 45', 'active'),
('PP-JKT', 'Pondok Indah Mall', 'Jl. Metro Pondok Indah, Jakarta Selatan 12310', 'Jakarta', '021-769-7760', 'Indira Sari', 8.00, 'Net 30', 'active'),
('SM-SNC', 'Senayan City', 'Jl. Asia Afrika Lot 19, Jakarta Pusat 10270', 'Jakarta', '021-572-5588', 'Ahmad Fauzi', 9.00, 'Net 15', 'active'),
('CPM-JKT', 'Central Park Mall', 'Jl. Letjen S. Parman Kav. 28, Jakarta Barat 11470', 'Jakarta', '021-2550-0999', 'Dewi Lestari', 7.50, 'Net 30', 'active'),

-- Surabaya Department Stores  
('TP-SBY', 'Tunjungan Plaza', 'Jl. Basuki Rahmat No. 8-12, Surabaya 60261', 'Surabaya', '031-531-1503', 'Rudi Hermawan', 8.25, 'Net 30', 'active'),
('LM-SBY', 'Lenmarc Mall', 'Jl. Kusuma Bangsa No. 116-118, Surabaya 60272', 'Surabaya', '031-532-4567', 'Maya Putri', 7.00, 'Net 45', 'active'),
('PPM-SBY', 'Pakuwon Mall', 'Jl. Puncak Indah Lontar No. 2, Surabaya 60216', 'Surabaya', '031-745-1234', 'Eko Prasetyo', 8.75, 'Net 30', 'active'),

-- Bandung Department Stores
('PVJ-BDG', 'Paris Van Java', 'Jl. Sukajadi No. 131-139, Bandung 40162', 'Bandung', '022-8205-9999', 'Lina Marlina', 8.00, 'Net 30', 'active'),
('TSM-BDG', 'Trans Studio Mall', 'Jl. Gatot Subroto No. 289, Bandung 40273', 'Bandung', '022-8730-8888', 'Hendra Gunawan', 7.25, 'Net 45', 'active'),
('BP-BDG', 'Bandung Electronic Mall', 'Jl. Purnawarman No. 13-15, Bandung 40117', 'Bandung', '022-423-5678', 'Siti Nurhaliza', 6.50, 'Net 60', 'active'),

-- Medan Department Stores
('SUN-MDN', 'Sun Plaza', 'Jl. Guru Patimpus No. 1, Medan 20232', 'Medan', '061-457-7888', 'Ratna Sari', 7.75, 'Net 30', 'active'),
('CM-MDN', 'Centre Point Mall', 'Jl. Jend. Gatot Subroto Km. 4,5, Medan 20112', 'Medan', '061-683-2000', 'Budi Hartono', 8.50, 'Net 30', 'active'),

-- Yogyakarta Department Stores
('MBR-YGY', 'Malioboro Mall', 'Jl. Malioboro No. 52-58, Yogyakarta 55213', 'Yogyakarta', '0274-563-4567', 'Ahmad Fauzi', 7.50, 'Net 45', 'active'),
('AM-YGY', 'Ambarrukmo Plaza', 'Jl. Laksda Adisucipto No. 80, Yogyakarta 55281', 'Yogyakarta', '0274-488-488', 'Dewi Sartika', 8.00, 'Net 30', 'active'),

-- Semarang Department Stores
('JM-SMG', 'Java Mall', 'Jl. MT Haryono No. 992, Semarang 50229', 'Semarang', '024-760-9999', 'Rudi Hermawan', 7.25, 'Net 45', 'active'),
('DPS-SMG', 'DP Mall', 'Jl. Pemuda No. 118, Semarang 50132', 'Semarang', '024-354-1234', 'Maya Putri', 8.25, 'Net 30', 'active'),

-- Makassar Department Stores
('MTB-MKS', 'Mall Taman Bunga', 'Jl. Boulevard Raya, Makassar 90222', 'Makassar', '0411-425-555', 'Andi Wijaya', 7.00, 'Net 45', 'active'),
('PS-MKS', 'Panakkukang Square', 'Jl. Boulevard Raya, Makassar 90231', 'Makassar', '0411-456-789', 'Sri Mulyani', 7.75, 'Net 30', 'active'),

-- Denpasar Department Stores
('DFS-DPS', 'Discovery Shopping Mall', 'Jl. Kartika Plaza, Kuta, Denpasar 80361', 'Denpasar', '0361-755-522', 'Made Widiarta', 9.50, 'Net 15', 'active'),
('LB-DPS', 'Level 21 Mall', 'Jl. Raya Puputan No. 142, Denpasar 80234', 'Denpasar', '0361-224-455', 'Ni Ketut Sari', 8.00, 'Net 30', 'active'),

-- Palembang Department Stores
('IP-PLB', 'International Plaza', 'Jl. R. Sukamto No. 57, Palembang 30114', 'Palembang', '0711-351-888', 'Doni Pratama', 7.50, 'Net 45', 'active'),
('PM-PLB', 'Palembang Square', 'Jl. Angkatan 45 No. 1A, Palembang 30126', 'Palembang', '0711-444-555', 'Maya Sari', 8.25, 'Net 30', 'active'),

-- Solo Department Stores
('SM-SLO', 'Solo Square', 'Jl. Slamet Riyadi No. 451, Solo 57146', 'Solo', '0271-724-555', 'Budi Santoso', 7.75, 'Net 30', 'active'),
('PGS-SLO', 'Paragon Mall Solo', 'Jl. Yos Sudarso No. 1, Solo 57117', 'Solo', '0271-646-777', 'Sari Indah', 8.50, 'Net 30', 'active'),

-- Balikpapan Department Stores
('BSM-BPP', 'Balikpapan Super Mall', 'Jl. Ahmad Yani No. 1, Balikpapan 76112', 'Balikpapan', '0542-736-888', 'Nia Kurniati', 7.25, 'Net 45', 'active'),
('EP-BPP', 'E-Walk Balikpapan', 'Jl. Jend. Sudirman No. 1, Balikpapan 76114', 'Balikpapan', '0542-875-999', 'Agus Setiawan', 8.00, 'Net 30', 'active'),

-- Pontianak Department Stores
('AM-PTK', 'Ayani Mega Mall', 'Jl. Ahmad Yani No. 3, Pontianak 78124', 'Pontianak', '0561-767-888', 'Reza Pratama', 7.00, 'Net 45', 'active'),
('GM-PTK', 'Gajah Mada Plaza', 'Jl. Gajah Mada No. 183, Pontianak 78116', 'Pontianak', '0561-736-555', 'Lina Marlina', 7.50, 'Net 30', 'active'),

-- Samarinda Department Stores
('SIT-SMD', 'Samarinda IT Centre', 'Jl. Kesuma Bangsa No. 2, Samarinda 75117', 'Samarinda', '0541-743-888', 'Hendra Gunawan', 6.75, 'Net 60', 'active'),
('BSP-SMD', 'Big Mall Samarinda', 'Jl. Kadrie Oening No. 1, Samarinda 75123', 'Samarinda', '0541-736-777', 'Maya Putri', 7.25, 'Net 45', 'active');